timeStamp,elapsed,label,responseCode,responseMessage,threadName,dataType,success,failureMessage,bytes,sentBytes,grpThreads,allThreads,URL,Latency,IdleTime,Connect
1662777965172,68,HTTP Request,200,OK,Thread Group 1-1,text,true,,24695,120,4,4,http://10.105.2.253:8080/,56,0,0
1662777965194,63,HTTP Request,200,OK,Thread Group 1-2,text,true,,24695,120,5,5,http://10.105.2.253:8080/,43,0,0
1662777965215,51,HTTP Request,200,OK,Thread Group 1-3,text,true,,24695,120,5,5,http://10.105.2.253:8080/,32,0,1
1662777965232,50,HTTP Request,200,OK,Thread Group 1-4,text,true,,24695,120,6,6,http://10.105.2.253:8080/,32,0,0
1662777965240,51,HTTP Request,200,OK,Thread Group 1-1,text,true,,24694,120,6,6,http://10.105.2.253:8080/,32,0,0
1662777965252,54,HTTP Request,200,OK,Thread Group 1-5,text,true,,24695,120,7,7,http://10.105.2.253:8080/,37,0,1
1662777965257,59,HTTP Request,200,OK,Thread Group 1-2,text,true,,24694,120,8,8,http://10.105.2.253:8080/,34,0,0
1662777965266,50,HTTP Request,200,OK,Thread Group 1-3,text,true,,24694,120,8,8,http://10.105.2.253:8080/,35,0,0
1662777965272,51,HTTP Request,200,OK,Thread Group 1-6,text,true,,24695,120,8,8,http://10.105.2.253:8080/,35,0,2
1662777965282,53,HTTP Request,200,OK,Thread Group 1-4,text,true,,24694,120,9,9,http://10.105.2.253:8080/,32,0,0
1662777965291,50,HTTP Request,200,OK,Thread Group 1-1,text,true,,24694,120,9,9,http://10.105.2.253:8080/,35,0,0
1662777965291,57,HTTP Request,200,OK,Thread Group 1-7,text,true,,24695,120,9,9,http://10.105.2.253:8080/,42,0,2
1662777965307,52,HTTP Request,200,OK,Thread Group 1-5,text,true,,24694,120,10,10,http://10.105.2.253:8080/,34,0,0
1662777965316,49,HTTP Request,200,OK,Thread Group 1-2,text,true,,24694,120,10,10,http://10.105.2.253:8080/,35,0,0
1662777965311,62,HTTP Request,200,OK,Thread Group 1-8,text,true,,24695,120,11,11,http://10.105.2.253:8080/,42,0,1
1662777965317,65,HTTP Request,200,OK,Thread Group 1-3,text,true,,24694,120,11,11,http://10.105.2.253:8080/,42,0,0
1662777965335,64,HTTP Request,200,OK,Thread Group 1-4,text,true,,24694,120,12,12,http://10.105.2.253:8080/,41,0,0
1662777965323,78,HTTP Request,200,OK,Thread Group 1-6,text,true,,24694,120,12,12,http://10.105.2.253:8080/,62,0,0
1662777965332,70,HTTP Request,200,OK,Thread Group 1-9,text,true,,24695,120,12,12,http://10.105.2.253:8080/,50,0,0
1662777965351,57,HTTP Request,200,OK,Thread Group 1-10,text,true,,24695,120,12,12,http://10.105.2.253:8080/,44,0,1
1662777965341,83,HTTP Request,200,OK,Thread Group 1-1,text,true,,24694,120,13,13,http://10.105.2.253:8080/,64,0,0
1662777965365,69,HTTP Request,200,OK,Thread Group 1-2,text,true,,24694,120,14,14,http://10.105.2.253:8080/,54,0,0
1662777965348,86,HTTP Request,200,OK,Thread Group 1-7,text,true,,24694,120,14,14,http://10.105.2.253:8080/,55,0,0
1662777965373,62,HTTP Request,200,OK,Thread Group 1-8,text,true,,24694,120,14,14,http://10.105.2.253:8080/,41,0,0
1662777965359,78,HTTP Request,200,OK,Thread Group 1-5,text,true,,24694,120,14,14,http://10.105.2.253:8080/,53,0,0
1662777965382,69,HTTP Request,200,OK,Thread Group 1-3,text,true,,24694,120,14,14,http://10.105.2.253:8080/,50,0,0
1662777965399,52,HTTP Request,200,OK,Thread Group 1-4,text,true,,24694,120,14,14,http://10.105.2.253:8080/,36,0,0
1662777965408,59,HTTP Request,200,OK,Thread Group 1-10,text,true,,24694,120,15,15,http://10.105.2.253:8080/,43,0,0
1662777965402,89,HTTP Request,200,OK,Thread Group 1-9,text,true,,24694,120,16,16,http://10.105.2.253:8080/,47,0,0
1662777965401,90,HTTP Request,200,OK,Thread Group 1-6,text,true,,24694,120,16,16,http://10.105.2.253:8080/,54,0,0
1662777965425,69,HTTP Request,200,OK,Thread Group 1-1,text,true,,24694,120,17,17,http://10.105.2.253:8080/,46,0,0
1662777965437,57,HTTP Request,200,OK,Thread Group 1-5,text,true,,24694,120,17,17,http://10.105.2.253:8080/,38,0,0
1662777965434,65,HTTP Request,200,OK,Thread Group 1-2,text,true,,24694,120,17,17,http://10.105.2.253:8080/,45,0,0
1662777965435,65,HTTP Request,200,OK,Thread Group 1-8,text,true,,24694,120,17,17,http://10.105.2.253:8080/,46,0,0
1662777965435,65,HTTP Request,200,OK,Thread Group 1-7,text,true,,24694,120,17,17,http://10.105.2.253:8080/,51,0,0
1662777965451,58,HTTP Request,200,OK,Thread Group 1-3,text,true,,24694,120,17,17,http://10.105.2.253:8080/,41,0,0
1662777965451,65,HTTP Request,200,OK,Thread Group 1-4,text,true,,24694,120,18,18,http://10.105.2.253:8080/,49,0,0
1662777965467,53,HTTP Request,200,OK,Thread Group 1-10,text,true,,24694,120,18,18,http://10.105.2.253:8080/,36,0,0
1662777965491,59,HTTP Request,200,OK,Thread Group 1-6,text,true,,24694,120,19,19,http://10.105.2.253:8080/,39,0,0
1662777965491,67,HTTP Request,200,OK,Thread Group 1-9,text,true,,24694,120,20,20,http://10.105.2.253:8080/,47,0,0
1662777965494,67,HTTP Request,200,OK,Thread Group 1-1,text,true,,24694,120,20,20,http://10.105.2.253:8080/,42,0,0
1662777965500,61,HTTP Request,200,OK,Thread Group 1-8,text,true,,24694,120,20,20,http://10.105.2.253:8080/,39,0,0
1662777965499,62,HTTP Request,200,OK,Thread Group 1-2,text,true,,24694,120,20,20,http://10.105.2.253:8080/,46,0,0
1662777965494,73,HTTP Request,200,OK,Thread Group 1-5,text,true,,24694,120,20,20,http://10.105.2.253:8080/,53,0,0
1662777965500,75,HTTP Request,200,OK,Thread Group 1-7,text,true,,24694,120,21,21,http://10.105.2.253:8080/,59,0,0
1662777965509,66,HTTP Request,200,OK,Thread Group 1-3,text,true,,24694,120,21,21,http://10.105.2.253:8080/,53,0,0
1662777965521,68,HTTP Request,200,OK,Thread Group 1-10,text,true,,24694,120,21,21,http://10.105.2.253:8080/,50,0,0
1662777965516,78,HTTP Request,200,OK,Thread Group 1-4,text,true,,24694,120,22,22,http://10.105.2.253:8080/,57,0,0
1662777965550,74,HTTP Request,200,OK,Thread Group 1-6,text,true,,24694,120,23,23,http://10.105.2.253:8080/,52,0,0
1662777965558,67,HTTP Request,200,OK,Thread Group 1-9,text,true,,24694,120,23,23,http://10.105.2.253:8080/,46,0,0
1662777965562,71,HTTP Request,200,OK,Thread Group 1-2,text,true,,24694,120,24,24,http://10.105.2.253:8080/,49,0,0
1662777965575,58,HTTP Request,200,OK,Thread Group 1-7,text,true,,24694,120,24,24,http://10.105.2.253:8080/,45,0,0
1662777965567,67,HTTP Request,200,OK,Thread Group 1-5,text,true,,24694,120,24,24,http://10.105.2.253:8080/,50,0,0
1662777965561,81,HTTP Request,200,OK,Thread Group 1-1,text,true,,24694,120,24,24,http://10.105.2.253:8080/,52,0,0
1662777965561,81,HTTP Request,200,OK,Thread Group 1-8,text,true,,24694,120,24,24,http://10.105.2.253:8080/,57,0,0
1662777965575,74,HTTP Request,200,OK,Thread Group 1-3,text,true,,24694,120,24,24,http://10.105.2.253:8080/,53,0,0
1662777965589,61,HTTP Request,200,OK,Thread Group 1-10,text,true,,24694,120,24,24,http://10.105.2.253:8080/,41,0,0
1662777965594,64,HTTP Request,200,OK,Thread Group 1-4,text,true,,24694,120,25,25,http://10.105.2.253:8080/,43,0,0
1662777965624,67,HTTP Request,200,OK,Thread Group 1-6,text,true,,24694,120,26,26,http://10.105.2.253:8080/,42,0,0
1662777965633,66,HTTP Request,200,OK,Thread Group 1-7,text,true,,24694,120,27,27,http://10.105.2.253:8080/,49,0,0
1662777965634,66,HTTP Request,200,OK,Thread Group 1-5,text,true,,24694,120,27,27,http://10.105.2.253:8080/,51,0,0
1662777965642,66,HTTP Request,200,OK,Thread Group 1-1,text,true,,24694,120,27,27,http://10.105.2.253:8080/,52,0,0
1662777965633,75,HTTP Request,200,OK,Thread Group 1-2,text,true,,24694,120,27,27,http://10.105.2.253:8080/,41,0,0
1662777965650,59,HTTP Request,200,OK,Thread Group 1-10,text,true,,24694,120,27,27,http://10.105.2.253:8080/,42,0,0
1662777965642,69,HTTP Request,200,OK,Thread Group 1-8,text,true,,24694,120,27,27,http://10.105.2.253:8080/,41,0,0
1662777965625,91,HTTP Request,200,OK,Thread Group 1-9,text,true,,24694,120,28,28,http://10.105.2.253:8080/,72,0,0
1662777965650,69,HTTP Request,200,OK,Thread Group 1-3,text,true,,24694,120,28,28,http://10.105.2.253:8080/,46,0,0
1662777965658,68,HTTP Request,200,OK,Thread Group 1-4,text,true,,24694,120,28,28,http://10.105.2.253:8080/,51,0,0
1662777965691,50,HTTP Request,200,OK,Thread Group 1-6,text,true,,24694,120,29,29,http://10.105.2.253:8080/,36,0,0
1662777965700,67,HTTP Request,200,OK,Thread Group 1-7,text,true,,24694,120,30,30,http://10.105.2.253:8080/,47,0,0
1662777965700,76,HTTP Request,200,OK,Thread Group 1-5,text,true,,24694,120,31,31,http://10.105.2.253:8080/,48,0,0
1662777965719,64,HTTP Request,200,OK,Thread Group 1-3,text,true,,24694,120,31,31,http://10.105.2.253:8080/,37,0,0
1662777965708,75,HTTP Request,200,OK,Thread Group 1-2,text,true,,24694,120,31,31,http://10.105.2.253:8080/,52,0,0
1662777965709,75,HTTP Request,200,OK,Thread Group 1-10,text,true,,24694,120,31,31,http://10.105.2.253:8080/,49,0,0
1662777965726,58,HTTP Request,200,OK,Thread Group 1-4,text,true,,24694,120,31,31,http://10.105.2.253:8080/,39,0,0
1662777965711,74,HTTP Request,200,OK,Thread Group 1-8,text,true,,24694,120,31,31,http://10.105.2.253:8080/,57,0,0
1662777965708,83,HTTP Request,200,OK,Thread Group 1-1,text,true,,24694,120,31,31,http://10.105.2.253:8080/,66,0,0
1662777965741,51,HTTP Request,200,OK,Thread Group 1-6,text,true,,24694,120,32,32,http://10.105.2.253:8080/,37,0,0
1662777965716,76,HTTP Request,200,OK,Thread Group 1-9,text,true,,24694,120,32,32,http://10.105.2.253:8080/,60,0,0
1662777965767,50,HTTP Request,200,OK,Thread Group 1-7,text,true,,24694,120,33,33,http://10.105.2.253:8080/,39,0,0
1662777965784,59,HTTP Request,200,OK,Thread Group 1-10,text,true,,24694,120,34,34,http://10.105.2.253:8080/,37,0,0
1662777965783,60,HTTP Request,200,OK,Thread Group 1-3,text,true,,24694,120,34,34,http://10.105.2.253:8080/,42,0,0
1662777965776,74,HTTP Request,200,OK,Thread Group 1-5,text,true,,24694,120,33,33,http://10.105.2.253:8080/,52,0,0
1662777965783,67,HTTP Request,200,OK,Thread Group 1-2,text,true,,24694,120,33,33,http://10.105.2.253:8080/,44,0,0
1662777965785,74,HTTP Request,200,OK,Thread Group 1-8,text,true,,24694,120,33,33,http://10.105.2.253:8080/,54,0,0
1662777965792,67,HTTP Request,200,OK,Thread Group 1-6,text,true,,24694,120,33,33,http://10.105.2.253:8080/,49,0,0
1662777965791,69,HTTP Request,200,OK,Thread Group 1-1,text,true,,24694,120,33,33,http://10.105.2.253:8080/,52,0,0
1662777965792,74,HTTP Request,200,OK,Thread Group 1-9,text,true,,24694,120,32,32,http://10.105.2.253:8080/,60,0,0
1662777965784,84,HTTP Request,200,OK,Thread Group 1-4,text,true,,24694,120,32,32,http://10.105.2.253:8080/,66,0,0
1662777965817,60,HTTP Request,200,OK,Thread Group 1-7,text,true,,24694,120,32,32,http://10.105.2.253:8080/,40,0,0
1662777965843,48,HTTP Request,200,OK,Thread Group 1-10,text,true,,24694,120,32,32,http://10.105.2.253:8080/,38,0,0
1662777965372,537,HTTP Request,200,OK,Thread Group 1-11,text,true,,24695,120,33,33,http://10.105.2.253:8080/,517,0,0
1662777965859,51,HTTP Request,200,OK,Thread Group 1-8,text,true,,24694,120,33,33,http://10.105.2.253:8080/,35,0,0
1662777965392,525,HTTP Request,200,OK,Thread Group 1-12,text,true,,24695,120,34,34,http://10.105.2.253:8080/,507,0,0
1662777965850,68,HTTP Request,200,OK,Thread Group 1-5,text,true,,24694,120,34,34,http://10.105.2.253:8080/,47,0,0
1662777965412,513,HTTP Request,200,OK,Thread Group 1-13,text,true,,24695,120,33,33,http://10.105.2.253:8080/,494,0,2
1662777965859,71,HTTP Request,200,OK,Thread Group 1-6,text,true,,24694,120,33,33,http://10.105.2.253:8080/,46,0,0
1662777965432,511,HTTP Request,200,OK,Thread Group 1-14,text,true,,24695,120,33,33,http://10.105.2.253:8080/,496,0,2
1662777965877,73,HTTP Request,200,OK,Thread Group 1-7,text,true,,24694,120,33,33,http://10.105.2.253:8080/,55,0,0
1662777965866,93,HTTP Request,200,OK,Thread Group 1-9,text,true,,24694,120,33,33,http://10.105.2.253:8080/,68,0,0
1662777965891,68,HTTP Request,200,OK,Thread Group 1-10,text,true,,24694,120,33,33,http://10.105.2.253:8080/,47,0,0
1662777965909,57,HTTP Request,200,OK,Thread Group 1-11,text,true,,24694,120,32,32,http://10.105.2.253:8080/,41,0,0
1662777965910,68,HTTP Request,200,OK,Thread Group 1-8,text,true,,24694,120,33,33,http://10.105.2.253:8080/,43,0,0
1662777965452,529,HTTP Request,200,OK,Thread Group 1-15,text,true,,24695,120,32,32,http://10.105.2.253:8080/,511,0,1
1662777965918,63,HTTP Request,200,OK,Thread Group 1-12,text,true,,24694,120,32,32,http://10.105.2.253:8080/,43,0,0
1662777965472,520,HTTP Request,200,OK,Thread Group 1-16,text,true,,24695,120,33,33,http://10.105.2.253:8080/,504,0,0
1662777965925,67,HTTP Request,200,OK,Thread Group 1-13,text,true,,24694,120,33,33,http://10.105.2.253:8080/,48,0,0
1662777965943,65,HTTP Request,200,OK,Thread Group 1-14,text,true,,24694,120,33,33,http://10.105.2.253:8080/,42,0,0
1662777965492,526,HTTP Request,200,OK,Thread Group 1-17,text,true,,24695,120,34,34,http://10.105.2.253:8080/,507,0,2
1662777965512,513,HTTP Request,200,OK,Thread Group 1-18,text,true,,24695,120,34,34,http://10.105.2.253:8080/,500,0,0
1662777965966,60,HTTP Request,200,OK,Thread Group 1-11,text,true,,24694,120,34,34,http://10.105.2.253:8080/,40,0,0
1662777965959,67,HTTP Request,200,OK,Thread Group 1-9,text,true,,24694,120,34,34,http://10.105.2.253:8080/,49,0,0
1662777965532,502,HTTP Request,200,OK,Thread Group 1-19,text,true,,24695,120,35,35,http://10.105.2.253:8080/,491,0,0
1662777965992,66,HTTP Request,200,OK,Thread Group 1-16,text,true,,24694,120,36,36,http://10.105.2.253:8080/,54,0,0
1662777965981,82,HTTP Request,200,OK,Thread Group 1-15,text,true,,24694,120,36,36,http://10.105.2.253:8080/,56,0,0
1662777965993,73,HTTP Request,200,OK,Thread Group 1-13,text,true,,24694,120,36,36,http://10.105.2.253:8080/,59,0,0
1662777966008,60,HTTP Request,200,OK,Thread Group 1-14,text,true,,24694,120,36,36,http://10.105.2.253:8080/,40,0,0
1662777965981,94,HTTP Request,200,OK,Thread Group 1-12,text,true,,24694,120,37,37,http://10.105.2.253:8080/,73,0,0
1662777966025,58,HTTP Request,200,OK,Thread Group 1-18,text,true,,24694,120,37,37,http://10.105.2.253:8080/,39,0,0
1662777966026,66,HTTP Request,200,OK,Thread Group 1-9,text,true,,24694,120,38,38,http://10.105.2.253:8080/,49,0,0
1662777966018,82,HTTP Request,200,OK,Thread Group 1-17,text,true,,24694,120,37,37,http://10.105.2.253:8080/,55,0,0
1662777966034,69,HTTP Request,200,OK,Thread Group 1-19,text,true,,24694,120,37,37,http://10.105.2.253:8080/,52,0,0
1662777966026,79,HTTP Request,200,OK,Thread Group 1-11,text,true,,24694,120,37,37,http://10.105.2.253:8080/,53,0,0
1662777965552,590,HTTP Request,200,OK,Thread Group 1-20,text,true,,24695,120,39,39,http://10.105.2.253:8080/,570,0,0
1662777966058,84,HTTP Request,200,OK,Thread Group 1-16,text,true,,24694,120,39,39,http://10.105.2.253:8080/,58,0,0
1662777966083,59,HTTP Request,200,OK,Thread Group 1-18,text,true,,24694,120,39,39,http://10.105.2.253:8080/,44,0,0
1662777966067,83,HTTP Request,200,OK,Thread Group 1-13,text,true,,24694,120,39,39,http://10.105.2.253:8080/,61,0,0
1662777966075,75,HTTP Request,200,OK,Thread Group 1-12,text,true,,24694,120,39,39,http://10.105.2.253:8080/,55,0,0
1662777966063,88,HTTP Request,200,OK,Thread Group 1-15,text,true,,24694,120,39,39,http://10.105.2.253:8080/,69,0,0
1662777966068,83,HTTP Request,200,OK,Thread Group 1-14,text,true,,24694,120,39,39,http://10.105.2.253:8080/,55,0,0
1662777966103,66,HTTP Request,200,OK,Thread Group 1-19,text,true,,24694,120,40,40,http://10.105.2.253:8080/,44,0,0
1662777966100,77,HTTP Request,200,OK,Thread Group 1-17,text,true,,24694,120,40,40,http://10.105.2.253:8080/,51,0,0
1662777966105,79,HTTP Request,200,OK,Thread Group 1-11,text,true,,24694,120,40,40,http://10.105.2.253:8080/,51,0,0
1662777965572,613,HTTP Request,200,OK,Thread Group 1-21,text,true,,24695,120,40,40,http://10.105.2.253:8080/,586,0,2
1662777966150,60,HTTP Request,200,OK,Thread Group 1-13,text,true,,24694,120,40,40,http://10.105.2.253:8080/,43,0,0
1662777966142,68,HTTP Request,200,OK,Thread Group 1-20,text,true,,24694,120,40,40,http://10.105.2.253:8080/,47,0,0
1662777966143,67,HTTP Request,200,OK,Thread Group 1-18,text,true,,24694,120,40,40,http://10.105.2.253:8080/,52,0,0
1662777966151,66,HTTP Request,200,OK,Thread Group 1-14,text,true,,24694,120,40,40,http://10.105.2.253:8080/,48,0,0
1662777966150,67,HTTP Request,200,OK,Thread Group 1-12,text,true,,24694,120,40,40,http://10.105.2.253:8080/,53,0,0
1662777966151,78,HTTP Request,200,OK,Thread Group 1-15,text,true,,24694,120,40,40,http://10.105.2.253:8080/,50,0,0
1662777966142,87,HTTP Request,200,OK,Thread Group 1-16,text,true,,24694,120,40,40,http://10.105.2.253:8080/,66,0,0
1662777966169,74,HTTP Request,200,OK,Thread Group 1-19,text,true,,24694,120,40,40,http://10.105.2.253:8080/,58,0,0
1662777966177,68,HTTP Request,200,OK,Thread Group 1-17,text,true,,24694,120,40,40,http://10.105.2.253:8080/,46,0,0
1662777966185,67,HTTP Request,200,OK,Thread Group 1-21,text,true,,24694,120,40,40,http://10.105.2.253:8080/,46,0,0
1662777966184,75,HTTP Request,200,OK,Thread Group 1-11,text,true,,24694,120,40,40,http://10.105.2.253:8080/,49,0,0
1662777966211,65,HTTP Request,200,OK,Thread Group 1-18,text,true,,24694,120,40,40,http://10.105.2.253:8080/,46,0,0
1662777966217,59,HTTP Request,200,OK,Thread Group 1-14,text,true,,24694,120,40,40,http://10.105.2.253:8080/,44,0,0
1662777966210,74,HTTP Request,200,OK,Thread Group 1-13,text,true,,24694,120,40,40,http://10.105.2.253:8080/,54,0,0
1662777966217,67,HTTP Request,200,OK,Thread Group 1-12,text,true,,24694,120,40,40,http://10.105.2.253:8080/,50,0,0
1662777966210,75,HTTP Request,200,OK,Thread Group 1-20,text,true,,24694,120,40,40,http://10.105.2.253:8080/,59,0,0
1662777966229,72,HTTP Request,200,OK,Thread Group 1-15,text,true,,24694,120,40,40,http://10.105.2.253:8080/,51,0,0
1662777966229,73,HTTP Request,200,OK,Thread Group 1-16,text,true,,24694,120,40,40,http://10.105.2.253:8080/,53,0,0
1662777966247,70,HTTP Request,200,OK,Thread Group 1-17,text,true,,24694,120,40,40,http://10.105.2.253:8080/,52,0,0
1662777966247,86,HTTP Request,200,OK,Thread Group 1-19,text,true,,24694,120,40,40,http://10.105.2.253:8080/,60,0,0
1662777966259,75,HTTP Request,200,OK,Thread Group 1-11,text,true,,24694,120,40,40,http://10.105.2.253:8080/,45,0,0
1662777966285,49,HTTP Request,200,OK,Thread Group 1-20,text,true,,24694,120,40,40,http://10.105.2.253:8080/,32,0,0
1662777966284,58,HTTP Request,200,OK,Thread Group 1-13,text,true,,24694,120,40,40,http://10.105.2.253:8080/,37,0,0
1662777966252,91,HTTP Request,200,OK,Thread Group 1-21,text,true,,24694,120,40,40,http://10.105.2.253:8080/,72,0,0
1662777966276,83,HTTP Request,200,OK,Thread Group 1-14,text,true,,24694,120,40,40,http://10.105.2.253:8080/,54,0,0
1662777966276,92,HTTP Request,200,OK,Thread Group 1-18,text,true,,24694,120,40,40,http://10.105.2.253:8080/,52,0,0
1662777966302,67,HTTP Request,200,OK,Thread Group 1-16,text,true,,24694,120,40,40,http://10.105.2.253:8080/,45,0,0
1662777966301,74,HTTP Request,200,OK,Thread Group 1-15,text,true,,24694,120,40,40,http://10.105.2.253:8080/,48,0,0
1662777966284,92,HTTP Request,200,OK,Thread Group 1-12,text,true,,24694,120,40,40,http://10.105.2.253:8080/,68,0,0
1662777966317,72,HTTP Request,200,OK,Thread Group 1-17,text,true,,24694,120,40,40,http://10.105.2.253:8080/,39,0,0
1662777966335,57,HTTP Request,200,OK,Thread Group 1-20,text,true,,24694,120,40,40,http://10.105.2.253:8080/,37,0,0
1662777966333,60,HTTP Request,200,OK,Thread Group 1-19,text,true,,24694,120,40,40,http://10.105.2.253:8080/,40,0,0
1662777966343,57,HTTP Request,200,OK,Thread Group 1-21,text,true,,24694,120,40,40,http://10.105.2.253:8080/,44,0,0
1662777966334,71,HTTP Request,200,OK,Thread Group 1-11,text,true,,24694,120,40,40,http://10.105.2.253:8080/,51,0,0
1662777966375,59,HTTP Request,200,OK,Thread Group 1-15,text,true,,24694,120,40,40,http://10.105.2.253:8080/,40,0,0
1662777966342,92,HTTP Request,200,OK,Thread Group 1-13,text,true,,24694,120,40,40,http://10.105.2.253:8080/,65,0,0
1662777966369,66,HTTP Request,200,OK,Thread Group 1-16,text,true,,24694,120,40,40,http://10.105.2.253:8080/,44,0,0
1662777966359,83,HTTP Request,200,OK,Thread Group 1-14,text,true,,24694,120,40,40,http://10.105.2.253:8080/,58,0,0
1662777966368,76,HTTP Request,200,OK,Thread Group 1-18,text,true,,24694,120,40,40,http://10.105.2.253:8080/,53,0,0
1662777966393,68,HTTP Request,200,OK,Thread Group 1-19,text,true,,24694,120,40,40,http://10.105.2.253:8080/,38,0,0
1662777966376,86,HTTP Request,200,OK,Thread Group 1-12,text,true,,24694,120,40,40,http://10.105.2.253:8080/,62,0,0
1662777966400,74,HTTP Request,200,OK,Thread Group 1-21,text,true,,24694,120,40,40,http://10.105.2.253:8080/,56,0,0
1662777966392,84,HTTP Request,200,OK,Thread Group 1-20,text,true,,24694,120,40,40,http://10.105.2.253:8080/,62,0,0
1662777966389,88,HTTP Request,200,OK,Thread Group 1-17,text,true,,24694,120,40,40,http://10.105.2.253:8080/,64,0,0
1662777966406,79,HTTP Request,200,OK,Thread Group 1-11,text,true,,24694,120,40,40,http://10.105.2.253:8080/,64,0,0
1662777966434,61,HTTP Request,200,OK,Thread Group 1-15,text,true,,24694,120,40,40,http://10.105.2.253:8080/,40,0,0
1662777966434,66,HTTP Request,200,OK,Thread Group 1-13,text,true,,24694,120,40,40,http://10.105.2.253:8080/,48,0,0
1662777966435,71,HTTP Request,200,OK,Thread Group 1-16,text,true,,24694,120,40,40,http://10.105.2.253:8080/,37,0,0
1662777966442,66,HTTP Request,200,OK,Thread Group 1-14,text,true,,24694,120,40,40,http://10.105.2.253:8080/,41,0,0
1662777966444,65,HTTP Request,200,OK,Thread Group 1-18,text,true,,24694,120,40,40,http://10.105.2.253:8080/,47,0,0
1662777966461,66,HTTP Request,200,OK,Thread Group 1-19,text,true,,24694,120,40,40,http://10.105.2.253:8080/,43,0,0
1662777966462,65,HTTP Request,200,OK,Thread Group 1-12,text,true,,24694,120,40,40,http://10.105.2.253:8080/,49,0,0
1662777966476,58,HTTP Request,200,OK,Thread Group 1-20,text,true,,24694,120,40,40,http://10.105.2.253:8080/,42,0,0
1662777966477,57,HTTP Request,200,OK,Thread Group 1-17,text,true,,24694,120,40,40,http://10.105.2.253:8080/,43,0,0
1662777966474,85,HTTP Request,200,OK,Thread Group 1-21,text,true,,24694,120,40,40,http://10.105.2.253:8080/,56,0,0
1662777966495,65,HTTP Request,200,OK,Thread Group 1-15,text,true,,24694,120,40,40,http://10.105.2.253:8080/,42,0,0
1662777966500,68,HTTP Request,200,OK,Thread Group 1-13,text,true,,24694,120,40,40,http://10.105.2.253:8080/,57,0,0
1662777966508,70,HTTP Request,200,OK,Thread Group 1-14,text,true,,24694,120,39,39,http://10.105.2.253:8080/,47,0,0
1662777966509,76,HTTP Request,200,OK,Thread Group 1-18,text,true,,24694,120,38,38,http://10.105.2.253:8080/,51,0,0
1662777966486,100,HTTP Request,200,OK,Thread Group 1-11,text,true,,24694,120,38,38,http://10.105.2.253:8080/,67,0,0
1662777966506,86,HTTP Request,200,OK,Thread Group 1-16,text,true,,24694,120,37,37,http://10.105.2.253:8080/,65,0,0
1662777966526,65,HTTP Request,200,OK,Thread Group 1-19,text,true,,24694,120,37,37,http://10.105.2.253:8080/,42,0,0
1662777966533,68,HTTP Request,200,OK,Thread Group 1-17,text,true,,24694,120,37,37,http://10.105.2.253:8080/,49,0,0
1662777966526,77,HTTP Request,200,OK,Thread Group 1-12,text,true,,24694,120,37,37,http://10.105.2.253:8080/,55,0,0
1662777966533,83,HTTP Request,200,OK,Thread Group 1-20,text,true,,24694,120,36,36,http://10.105.2.253:8080/,64,0,0
1662777966558,58,HTTP Request,200,OK,Thread Group 1-21,text,true,,24694,120,36,36,http://10.105.2.253:8080/,43,0,0
1662777966559,66,HTTP Request,200,OK,Thread Group 1-15,text,true,,24694,120,36,36,http://10.105.2.253:8080/,40,0,0
1662777965592,1052,HTTP Request,200,OK,Thread Group 1-22,text,true,,24695,120,35,35,http://10.105.2.253:8080/,1031,0,1
1662777965612,1039,HTTP Request,200,OK,Thread Group 1-23,text,true,,24695,120,35,35,http://10.105.2.253:8080/,1021,0,2
1662777966591,60,HTTP Request,200,OK,Thread Group 1-16,text,true,,24694,120,35,35,http://10.105.2.253:8080/,39,0,0
1662777966591,84,HTTP Request,200,OK,Thread Group 1-19,text,true,,24694,120,34,34,http://10.105.2.253:8080/,46,0,0
1662777966601,75,HTTP Request,200,OK,Thread Group 1-17,text,true,,24694,120,33,33,http://10.105.2.253:8080/,54,0,0
1662777965651,1026,HTTP Request,200,OK,Thread Group 1-25,text,true,,24695,120,32,32,http://10.105.2.253:8080/,1008,0,1
1662777966585,92,HTTP Request,200,OK,Thread Group 1-18,text,true,,24694,120,32,32,http://10.105.2.253:8080/,58,0,0
1662777966616,68,HTTP Request,200,OK,Thread Group 1-21,text,true,,24694,120,31,31,http://10.105.2.253:8080/,50,0,0
1662777965631,1055,HTTP Request,200,OK,Thread Group 1-24,text,true,,24695,120,31,31,http://10.105.2.253:8080/,1034,0,1
1662777965671,1032,HTTP Request,200,OK,Thread Group 1-26,text,true,,24695,120,31,31,http://10.105.2.253:8080/,1009,0,1
1662777966616,96,HTTP Request,200,OK,Thread Group 1-20,text,true,,24694,120,31,31,http://10.105.2.253:8080/,58,0,0
1662777966643,74,HTTP Request,200,OK,Thread Group 1-22,text,true,,24694,120,31,31,http://10.105.2.253:8080/,56,0,0
1662777965691,1027,HTTP Request,200,OK,Thread Group 1-27,text,true,,24695,120,31,31,http://10.105.2.253:8080/,1008,0,2
1662777966650,67,HTTP Request,200,OK,Thread Group 1-23,text,true,,24694,120,31,31,http://10.105.2.253:8080/,44,0,0
1662777965752,995,HTTP Request,200,OK,Thread Group 1-30,text,true,,24695,120,31,31,http://10.105.2.253:8080/,964,0,0
1662777966685,64,HTTP Request,200,OK,Thread Group 1-24,text,true,,24694,120,31,31,http://10.105.2.253:8080/,47,0,0
1662777965732,1019,HTTP Request,200,OK,Thread Group 1-29,text,true,,24695,120,31,31,http://10.105.2.253:8080/,996,0,0
1662777965711,1041,HTTP Request,200,OK,Thread Group 1-28,text,true,,24695,120,31,31,http://10.105.2.253:8080/,1024,0,1
1662777966685,73,HTTP Request,200,OK,Thread Group 1-21,text,true,,24694,120,31,31,http://10.105.2.253:8080/,56,0,0
1662777966676,82,HTTP Request,200,OK,Thread Group 1-25,text,true,,24694,120,31,31,http://10.105.2.253:8080/,63,0,0
1662777966717,58,HTTP Request,200,OK,Thread Group 1-27,text,true,,24694,120,31,31,http://10.105.2.253:8080/,35,0,0
1662777966717,68,HTTP Request,200,OK,Thread Group 1-22,text,true,,24694,120,31,31,http://10.105.2.253:8080/,47,0,0
1662777966717,68,HTTP Request,200,OK,Thread Group 1-23,text,true,,24694,120,31,31,http://10.105.2.253:8080/,48,0,0
1662777966702,83,HTTP Request,200,OK,Thread Group 1-26,text,true,,24694,120,31,31,http://10.105.2.253:8080/,65,0,0
1662777966712,90,HTTP Request,200,OK,Thread Group 1-20,text,true,,24694,120,31,31,http://10.105.2.253:8080/,71,0,0
1662777966758,61,HTTP Request,200,OK,Thread Group 1-25,text,true,,24694,120,30,30,http://10.105.2.253:8080/,47,0,0
1662777966775,50,HTTP Request,200,OK,Thread Group 1-27,text,true,,24694,120,30,30,http://10.105.2.253:8080/,34,0,0
1662777966746,80,HTTP Request,200,OK,Thread Group 1-30,text,true,,24694,120,30,30,http://10.105.2.253:8080/,60,0,0
1662777966750,79,HTTP Request,200,OK,Thread Group 1-29,text,true,,24694,120,30,30,http://10.105.2.253:8080/,50,0,0
1662777966751,91,HTTP Request,200,OK,Thread Group 1-28,text,true,,24694,120,30,30,http://10.105.2.253:8080/,66,0,0
1662777966758,87,HTTP Request,200,OK,Thread Group 1-21,text,true,,24694,120,30,30,http://10.105.2.253:8080/,56,0,0
1662777966750,95,HTTP Request,200,OK,Thread Group 1-24,text,true,,24694,120,30,30,http://10.105.2.253:8080/,53,0,0
1662777966785,60,HTTP Request,200,OK,Thread Group 1-23,text,true,,24694,120,29,29,http://10.105.2.253:8080/,37,0,0
1662777966785,65,HTTP Request,200,OK,Thread Group 1-22,text,true,,24694,120,29,29,http://10.105.2.253:8080/,60,0,0
1662777966786,70,HTTP Request,200,OK,Thread Group 1-26,text,true,,24694,120,29,29,http://10.105.2.253:8080/,59,0,0
1662777965772,1095,HTTP Request,200,OK,Thread Group 1-31,text,true,,24695,120,29,29,http://10.105.2.253:8080/,1077,0,0
1662777966825,58,HTTP Request,200,OK,Thread Group 1-27,text,true,,24694,120,29,29,http://10.105.2.253:8080/,38,0,0
1662777966819,65,HTTP Request,200,OK,Thread Group 1-25,text,true,,24694,120,29,29,http://10.105.2.253:8080/,41,0,0
1662777966826,67,HTTP Request,200,OK,Thread Group 1-30,text,true,,24694,120,29,29,http://10.105.2.253:8080/,51,0,0
1662777965792,1127,HTTP Request,200,OK,Thread Group 1-32,text,true,,24695,120,29,29,http://10.105.2.253:8080/,1097,0,0
1662777966845,80,HTTP Request,200,OK,Thread Group 1-24,text,true,,24694,120,29,29,http://10.105.2.253:8080/,46,0,0
1662777966866,59,HTTP Request,200,OK,Thread Group 1-31,text,true,,24694,120,29,29,http://10.105.2.253:8080/,35,0,0
1662777966830,97,HTTP Request,200,OK,Thread Group 1-29,text,true,,24694,120,29,29,http://10.105.2.253:8080/,77,0,0
1662777966856,79,HTTP Request,200,OK,Thread Group 1-26,text,true,,24694,120,29,29,http://10.105.2.253:8080/,49,0,0
1662777966845,92,HTTP Request,200,OK,Thread Group 1-23,text,true,,24694,120,29,29,http://10.105.2.253:8080/,68,0,0
1662777966850,88,HTTP Request,200,OK,Thread Group 1-22,text,true,,24694,120,29,29,http://10.105.2.253:8080/,66,0,0
1662777966842,105,HTTP Request,200,OK,Thread Group 1-28,text,true,,24694,120,29,29,http://10.105.2.253:8080/,72,0,0
1662777966884,66,HTTP Request,200,OK,Thread Group 1-25,text,true,,24694,120,29,29,http://10.105.2.253:8080/,41,0,0
1662777966883,67,HTTP Request,200,OK,Thread Group 1-27,text,true,,24694,120,29,29,http://10.105.2.253:8080/,50,0,0
1662777966893,65,HTTP Request,200,OK,Thread Group 1-30,text,true,,24694,120,29,29,http://10.105.2.253:8080/,47,0,0
1662777966918,67,HTTP Request,200,OK,Thread Group 1-32,text,true,,24694,120,29,29,http://10.105.2.253:8080/,45,0,0
1662777966925,61,HTTP Request,200,OK,Thread Group 1-24,text,true,,24694,120,29,29,http://10.105.2.253:8080/,36,0,0
1662777966925,70,HTTP Request,200,OK,Thread Group 1-31,text,true,,24694,120,29,29,http://10.105.2.253:8080/,43,0,0
1662777966947,53,HTTP Request,200,OK,Thread Group 1-28,text,true,,24694,120,29,29,http://10.105.2.253:8080/,43,0,0
1662777966937,73,HTTP Request,200,OK,Thread Group 1-23,text,true,,24694,120,29,29,http://10.105.2.253:8080/,56,0,0
1662777966950,60,HTTP Request,200,OK,Thread Group 1-27,text,true,,24694,120,29,29,http://10.105.2.253:8080/,38,0,0
1662777966927,89,HTTP Request,200,OK,Thread Group 1-29,text,true,,24694,120,29,29,http://10.105.2.253:8080/,47,0,0
1662777966935,82,HTTP Request,200,OK,Thread Group 1-26,text,true,,24694,120,29,29,http://10.105.2.253:8080/,57,0,0
1662777966938,81,HTTP Request,200,OK,Thread Group 1-22,text,true,,24694,120,29,29,http://10.105.2.253:8080/,59,0,0
1662777966950,75,HTTP Request,200,OK,Thread Group 1-25,text,true,,24694,120,29,29,http://10.105.2.253:8080/,56,0,0
1662777966958,67,HTTP Request,200,OK,Thread Group 1-30,text,true,,24694,120,29,29,http://10.105.2.253:8080/,50,0,0
1662777966986,64,HTTP Request,200,OK,Thread Group 1-24,text,true,,24694,120,29,29,http://10.105.2.253:8080/,50,0,0
1662777966985,65,HTTP Request,200,OK,Thread Group 1-32,text,true,,24694,120,29,29,http://10.105.2.253:8080/,46,0,0
1662777966995,63,HTTP Request,200,OK,Thread Group 1-31,text,true,,24694,120,29,29,http://10.105.2.253:8080/,48,0,0
1662777967010,65,HTTP Request,200,OK,Thread Group 1-23,text,true,,24694,120,29,29,http://10.105.2.253:8080/,45,0,0
1662777967010,73,HTTP Request,200,OK,Thread Group 1-27,text,true,,24694,120,29,29,http://10.105.2.253:8080/,52,0,0
1662777967019,72,HTTP Request,200,OK,Thread Group 1-22,text,true,,24694,120,29,29,http://10.105.2.253:8080/,56,0,0
1662777967017,75,HTTP Request,200,OK,Thread Group 1-29,text,true,,24694,120,29,29,http://10.105.2.253:8080/,60,0,0
1662777967025,76,HTTP Request,200,OK,Thread Group 1-30,text,true,,24694,120,29,29,http://10.105.2.253:8080/,63,0,0
1662777967000,109,HTTP Request,200,OK,Thread Group 1-28,text,true,,24694,120,29,29,http://10.105.2.253:8080/,71,0,0
1662777967017,101,HTTP Request,200,OK,Thread Group 1-26,text,true,,24694,120,29,29,http://10.105.2.253:8080/,76,0,0
1662777967050,75,HTTP Request,200,OK,Thread Group 1-32,text,true,,24694,120,29,29,http://10.105.2.253:8080/,49,0,0
1662777967050,77,HTTP Request,200,OK,Thread Group 1-24,text,true,,24694,120,29,29,http://10.105.2.253:8080/,57,0,0
1662777967025,108,HTTP Request,200,OK,Thread Group 1-25,text,true,,24694,120,29,29,http://10.105.2.253:8080/,80,0,0
1662777967083,51,HTTP Request,200,OK,Thread Group 1-27,text,true,,24694,120,29,29,http://10.105.2.253:8080/,35,0,0
1662777967075,61,HTTP Request,200,OK,Thread Group 1-23,text,true,,24694,120,29,29,http://10.105.2.253:8080/,41,0,0
1662777967058,84,HTTP Request,200,OK,Thread Group 1-31,text,true,,24694,120,29,29,http://10.105.2.253:8080/,67,0,0
1662777965812,1336,HTTP Request,200,OK,Thread Group 1-33,text,true,,24695,120,29,29,http://10.105.2.253:8080/,1304,0,0
1662777967093,66,HTTP Request,200,OK,Thread Group 1-29,text,true,,24694,120,29,29,http://10.105.2.253:8080/,46,0,0
1662777965832,1336,HTTP Request,200,OK,Thread Group 1-34,text,true,,24695,120,29,29,http://10.105.2.253:8080/,1323,0,0
1662777967092,83,HTTP Request,200,OK,Thread Group 1-22,text,true,,24694,120,29,29,http://10.105.2.253:8080/,66,0,0
1662777967118,57,HTTP Request,200,OK,Thread Group 1-26,text,true,,24694,120,29,29,http://10.105.2.253:8080/,38,0,0
1662777967101,101,HTTP Request,200,OK,Thread Group 1-30,text,true,,24694,120,29,29,http://10.105.2.253:8080/,64,0,0
1662777967125,83,HTTP Request,200,OK,Thread Group 1-32,text,true,,24694,120,29,29,http://10.105.2.253:8080/,59,0,0
1662777967109,108,HTTP Request,200,OK,Thread Group 1-28,text,true,,24694,120,29,29,http://10.105.2.253:8080/,70,0,0
1662777967133,92,HTTP Request,200,OK,Thread Group 1-25,text,true,,24694,120,29,29,http://10.105.2.253:8080/,67,0,0
1662777967142,85,HTTP Request,200,OK,Thread Group 1-31,text,true,,24694,120,29,29,http://10.105.2.253:8080/,45,0,0
1662777967134,100,HTTP Request,200,OK,Thread Group 1-27,text,true,,24694,120,29,29,http://10.105.2.253:8080/,65,0,0
1662777967147,87,HTTP Request,200,OK,Thread Group 1-33,text,true,,24694,120,29,29,http://10.105.2.253:8080/,62,0,0
1662777967167,67,HTTP Request,200,OK,Thread Group 1-34,text,true,,24694,120,29,29,http://10.105.2.253:8080/,50,0,0
1662777967175,60,HTTP Request,200,OK,Thread Group 1-22,text,true,,24694,120,29,29,http://10.105.2.253:8080/,44,0,0
1662777967127,109,HTTP Request,200,OK,Thread Group 1-24,text,true,,24694,120,29,29,http://10.105.2.253:8080/,84,0,0
1662777967159,83,HTTP Request,200,OK,Thread Group 1-29,text,true,,24694,120,29,29,http://10.105.2.253:8080/,66,0,0
1662777967175,67,HTTP Request,200,OK,Thread Group 1-26,text,true,,24694,120,29,29,http://10.105.2.253:8080/,54,0,0
1662777967136,107,HTTP Request,200,OK,Thread Group 1-23,text,true,,24694,120,29,29,http://10.105.2.253:8080/,60,0,0
1662777967202,82,HTTP Request,200,OK,Thread Group 1-30,text,true,,24694,120,29,29,http://10.105.2.253:8080/,58,0,0
1662777967208,84,HTTP Request,200,OK,Thread Group 1-32,text,true,,24694,120,29,29,http://10.105.2.253:8080/,54,0,0
1662777967217,84,HTTP Request,200,OK,Thread Group 1-28,text,true,,24694,120,29,29,http://10.105.2.253:8080/,63,0,0
1662777967234,67,HTTP Request,200,OK,Thread Group 1-34,text,true,,24694,120,29,29,http://10.105.2.253:8080/,53,0,0
1662777967235,76,HTTP Request,200,OK,Thread Group 1-22,text,true,,24694,120,29,29,http://10.105.2.253:8080/,57,0,0
1662777967225,86,HTTP Request,200,OK,Thread Group 1-25,text,true,,24694,120,28,28,http://10.105.2.253:8080/,57,0,0
1662777967227,90,HTTP Request,200,OK,Thread Group 1-31,text,true,,24694,120,28,28,http://10.105.2.253:8080/,70,0,0
1662777967242,80,HTTP Request,200,OK,Thread Group 1-29,text,true,,24694,120,28,28,http://10.105.2.253:8080/,63,0,0
1662777967234,91,HTTP Request,200,OK,Thread Group 1-27,text,true,,24694,120,28,28,http://10.105.2.253:8080/,64,0,0
1662777967234,92,HTTP Request,200,OK,Thread Group 1-33,text,true,,24694,120,27,27,http://10.105.2.253:8080/,73,0,0
1662777967242,84,HTTP Request,200,OK,Thread Group 1-26,text,true,,24694,120,27,27,http://10.105.2.253:8080/,62,0,0
1662777967236,91,HTTP Request,200,OK,Thread Group 1-24,text,true,,24694,120,27,27,http://10.105.2.253:8080/,73,0,0
1662777967243,92,HTTP Request,200,OK,Thread Group 1-23,text,true,,24694,120,27,27,http://10.105.2.253:8080/,68,0,0
1662777967284,109,HTTP Request,200,OK,Thread Group 1-30,text,true,,24694,120,26,26,http://10.105.2.253:8080/,51,0,0
1662777967301,93,HTTP Request,200,OK,Thread Group 1-28,text,true,,24694,120,26,26,http://10.105.2.253:8080/,45,0,0
1662777965852,1546,HTTP Request,200,OK,Thread Group 1-35,text,true,,24695,120,26,26,http://10.105.2.253:8080/,1504,0,1
1662777967301,97,HTTP Request,200,OK,Thread Group 1-34,text,true,,24694,120,26,26,http://10.105.2.253:8080/,57,0,0
1662777967292,108,HTTP Request,200,OK,Thread Group 1-32,text,true,,24694,120,26,26,http://10.105.2.253:8080/,40,0,0
1662777967317,92,HTTP Request,200,OK,Thread Group 1-31,text,true,,24694,120,26,26,http://10.105.2.253:8080/,45,0,0
1662777967311,104,HTTP Request,200,OK,Thread Group 1-25,text,true,,24694,120,26,26,http://10.105.2.253:8080/,42,0,0
1662777965872,1605,HTTP Request,200,OK,Thread Group 1-36,text,true,,24695,120,25,25,http://10.105.2.253:8080/,1574,0,0
1662777967322,174,HTTP Request,200,OK,Thread Group 1-29,text,true,,24694,120,25,25,http://10.105.2.253:8080/,150,0,0
1662777965892,1610,HTTP Request,200,OK,Thread Group 1-37,text,true,,24695,120,25,25,http://10.105.2.253:8080/,1594,0,0
1662777967401,100,HTTP Request,200,OK,Thread Group 1-32,text,true,,24694,120,25,25,http://10.105.2.253:8080/,73,0,0
1662777967327,175,HTTP Request,200,OK,Thread Group 1-24,text,true,,24694,120,25,25,http://10.105.2.253:8080/,140,0,0
1662777967409,100,HTTP Request,200,OK,Thread Group 1-31,text,true,,24694,120,24,24,http://10.105.2.253:8080/,81,0,0
1662777967398,111,HTTP Request,200,OK,Thread Group 1-35,text,true,,24694,120,24,24,http://10.105.2.253:8080/,84,0,0
1662777967326,184,HTTP Request,200,OK,Thread Group 1-33,text,true,,24694,120,24,24,http://10.105.2.253:8080/,160,0,0
1662777965912,1599,HTTP Request,200,OK,Thread Group 1-38,text,true,,24695,120,24,24,http://10.105.2.253:8080/,1578,0,0
1662777967394,116,HTTP Request,200,OK,Thread Group 1-28,text,true,,24694,120,24,24,http://10.105.2.253:8080/,90,0,0
1662777967326,185,HTTP Request,200,OK,Thread Group 1-26,text,true,,24694,120,24,24,http://10.105.2.253:8080/,166,0,0
1662777967393,118,HTTP Request,200,OK,Thread Group 1-30,text,true,,24694,120,23,23,http://10.105.2.253:8080/,101,0,0
1662777967398,161,HTTP Request,200,OK,Thread Group 1-34,text,true,,24694,120,22,22,http://10.105.2.253:8080/,101,0,0
1662777967476,92,HTTP Request,200,OK,Thread Group 1-36,text,true,,24694,120,22,22,http://10.105.2.253:8080/,30,0,0
1662777967511,133,HTTP Request,200,OK,Thread Group 1-28,text,true,,24694,120,22,22,http://10.105.2.253:8080/,117,0,0
1662777967510,142,HTTP Request,200,OK,Thread Group 1-38,text,true,,24694,120,21,21,http://10.105.2.253:8080/,124,0,0
1662777967509,150,HTTP Request,200,OK,Thread Group 1-35,text,true,,24694,120,21,21,http://10.105.2.253:8080/,123,0,0
1662777967510,150,HTTP Request,200,OK,Thread Group 1-33,text,true,,24694,120,21,21,http://10.105.2.253:8080/,131,0,0
1662777967509,151,HTTP Request,200,OK,Thread Group 1-31,text,true,,24694,120,21,21,http://10.105.2.253:8080/,133,0,0
1662777967501,160,HTTP Request,200,OK,Thread Group 1-37,text,true,,24694,120,20,20,http://10.105.2.253:8080/,138,0,0
1662777965972,1696,HTTP Request,200,OK,Thread Group 1-41,text,true,,24695,120,20,20,http://10.105.2.253:8080/,1681,0,1
1662777967501,167,HTTP Request,200,OK,Thread Group 1-32,text,true,,24694,120,20,20,http://10.105.2.253:8080/,147,0,0
1662777967496,172,HTTP Request,200,OK,Thread Group 1-29,text,true,,24694,120,20,20,http://10.105.2.253:8080/,154,0,0
1662777965932,1737,HTTP Request,200,OK,Thread Group 1-39,text,true,,24695,120,19,19,http://10.105.2.253:8080/,1715,0,2
1662777967560,109,HTTP Request,200,OK,Thread Group 1-34,text,true,,24694,120,19,19,http://10.105.2.253:8080/,84,0,0
1662777965952,1725,HTTP Request,200,OK,Thread Group 1-40,text,true,,24695,120,19,19,http://10.105.2.253:8080/,1705,0,2
1662777967568,110,HTTP Request,200,OK,Thread Group 1-36,text,true,,24694,120,19,19,http://10.105.2.253:8080/,86,0,0
1662777965992,1760,HTTP Request,200,OK,Thread Group 1-42,text,true,,24695,120,19,19,http://10.105.2.253:8080/,1691,0,1
1662777967659,100,HTTP Request,200,OK,Thread Group 1-35,text,true,,24694,120,19,19,http://10.105.2.253:8080/,56,0,0
1662777967652,108,HTTP Request,200,OK,Thread Group 1-38,text,true,,24694,120,19,19,http://10.105.2.253:8080/,54,0,0
1662777967662,98,HTTP Request,200,OK,Thread Group 1-37,text,true,,24694,120,19,19,http://10.105.2.253:8080/,56,0,0
1662777967667,94,HTTP Request,200,OK,Thread Group 1-41,text,true,,24694,120,19,19,http://10.105.2.253:8080/,73,0,0
1662777967660,101,HTTP Request,200,OK,Thread Group 1-33,text,true,,24694,120,19,19,http://10.105.2.253:8080/,53,0,0
1662777967668,94,HTTP Request,200,OK,Thread Group 1-32,text,true,,24694,120,19,19,http://10.105.2.253:8080/,64,0,0
1662777967669,93,HTTP Request,200,OK,Thread Group 1-39,text,true,,24694,120,18,18,http://10.105.2.253:8080/,68,0,0
1662777966011,1753,HTTP Request,200,OK,Thread Group 1-43,text,true,,24695,120,18,18,http://10.105.2.253:8080/,1711,0,1
1662777967669,94,HTTP Request,200,OK,Thread Group 1-34,text,true,,24694,120,18,18,http://10.105.2.253:8080/,61,0,0
1662777967676,87,HTTP Request,200,OK,Thread Group 1-40,text,true,,24694,120,18,18,http://10.105.2.253:8080/,57,0,0
1662777966031,1734,HTTP Request,200,OK,Thread Group 1-44,text,true,,24695,120,18,18,http://10.105.2.253:8080/,1698,0,1
1662777967678,86,HTTP Request,200,OK,Thread Group 1-36,text,true,,24694,120,18,18,http://10.105.2.253:8080/,57,0,0
1662777967751,77,HTTP Request,200,OK,Thread Group 1-42,text,true,,24694,120,18,18,http://10.105.2.253:8080/,65,0,0
1662777967763,71,HTTP Request,200,OK,Thread Group 1-43,text,true,,24694,120,18,18,http://10.105.2.253:8080/,56,0,0
1662777967760,74,HTTP Request,200,OK,Thread Group 1-37,text,true,,24694,120,18,18,http://10.105.2.253:8080/,51,0,0
1662777967760,83,HTTP Request,200,OK,Thread Group 1-38,text,true,,24694,120,18,18,http://10.105.2.253:8080/,63,0,0
1662777967761,82,HTTP Request,200,OK,Thread Group 1-33,text,true,,24694,120,18,18,http://10.105.2.253:8080/,67,0,0
1662777967759,85,HTTP Request,200,OK,Thread Group 1-35,text,true,,24694,120,18,18,http://10.105.2.253:8080/,59,0,0
1662777967764,80,HTTP Request,200,OK,Thread Group 1-40,text,true,,24694,120,18,18,http://10.105.2.253:8080/,50,0,0
1662777966051,1795,HTTP Request,200,OK,Thread Group 1-45,text,true,,24695,120,18,18,http://10.105.2.253:8080/,1775,0,3
1662777967761,84,HTTP Request,200,OK,Thread Group 1-41,text,true,,24694,120,18,18,http://10.105.2.253:8080/,65,0,0
1662777967764,87,HTTP Request,200,OK,Thread Group 1-44,text,true,,24694,120,18,18,http://10.105.2.253:8080/,71,0,0
1662777967764,95,HTTP Request,200,OK,Thread Group 1-36,text,true,,24694,120,18,18,http://10.105.2.253:8080/,77,0,0
1662777967763,96,HTTP Request,200,OK,Thread Group 1-34,text,true,,24694,120,18,18,http://10.105.2.253:8080/,76,0,0
1662777967762,155,HTTP Request,200,OK,Thread Group 1-39,text,true,,24694,120,18,18,http://10.105.2.253:8080/,87,0,0
1662777967828,92,HTTP Request,200,OK,Thread Group 1-42,text,true,,24694,120,18,18,http://10.105.2.253:8080/,47,0,0
1662777967834,87,HTTP Request,200,OK,Thread Group 1-43,text,true,,24694,120,18,18,http://10.105.2.253:8080/,37,0,0
1662777967834,93,HTTP Request,200,OK,Thread Group 1-37,text,true,,24694,120,18,18,http://10.105.2.253:8080/,44,0,0
1662777967843,88,HTTP Request,200,OK,Thread Group 1-38,text,true,,24694,120,18,18,http://10.105.2.253:8080/,39,0,0
1662777967844,91,HTTP Request,200,OK,Thread Group 1-35,text,true,,24694,120,18,18,http://10.105.2.253:8080/,35,0,0
1662777967843,99,HTTP Request,200,OK,Thread Group 1-33,text,true,,24694,120,18,18,http://10.105.2.253:8080/,84,0,0
1662777967851,103,HTTP Request,200,OK,Thread Group 1-44,text,true,,24694,120,18,18,http://10.105.2.253:8080/,82,0,0
1662777967845,131,HTTP Request,200,OK,Thread Group 1-45,text,true,,24694,120,18,18,http://10.105.2.253:8080/,111,0,0
1662777967844,132,HTTP Request,200,OK,Thread Group 1-40,text,true,,24694,120,18,18,http://10.105.2.253:8080/,108,0,0
1662777967859,118,HTTP Request,200,OK,Thread Group 1-36,text,true,,24694,120,18,18,http://10.105.2.253:8080/,99,0,0
1662777967845,132,HTTP Request,200,OK,Thread Group 1-41,text,true,,24694,120,18,18,http://10.105.2.253:8080/,103,0,0
1662777967860,122,HTTP Request,200,OK,Thread Group 1-34,text,true,,24694,120,18,18,http://10.105.2.253:8080/,99,0,0
1662777967917,65,HTTP Request,200,OK,Thread Group 1-39,text,true,,24694,120,18,18,http://10.105.2.253:8080/,45,0,0
1662777967921,79,HTTP Request,200,OK,Thread Group 1-43,text,true,,24694,120,18,18,http://10.105.2.253:8080/,53,0,0
1662777967927,99,HTTP Request,200,OK,Thread Group 1-37,text,true,,24694,120,18,18,http://10.105.2.253:8080/,60,0,0
1662777967942,84,HTTP Request,200,OK,Thread Group 1-33,text,true,,24694,120,18,18,http://10.105.2.253:8080/,55,0,0
1662777967977,51,HTTP Request,200,OK,Thread Group 1-40,text,true,,24694,120,18,18,http://10.105.2.253:8080/,37,0,0
1662777967920,110,HTTP Request,200,OK,Thread Group 1-42,text,true,,24694,120,18,18,http://10.105.2.253:8080/,82,0,0
1662777967931,102,HTTP Request,200,OK,Thread Group 1-38,text,true,,24694,120,18,18,http://10.105.2.253:8080/,81,0,0
1662777967935,99,HTTP Request,200,OK,Thread Group 1-35,text,true,,24694,120,18,18,http://10.105.2.253:8080/,74,0,0
1662777967954,80,HTTP Request,200,OK,Thread Group 1-44,text,true,,24694,120,18,18,http://10.105.2.253:8080/,51,0,0
1662777967976,59,HTTP Request,200,OK,Thread Group 1-45,text,true,,24694,120,18,18,http://10.105.2.253:8080/,35,0,0
1662777967977,67,HTTP Request,200,OK,Thread Group 1-36,text,true,,24694,120,18,18,http://10.105.2.253:8080/,39,0,0
1662777967977,82,HTTP Request,200,OK,Thread Group 1-41,text,true,,24694,120,18,18,http://10.105.2.253:8080/,59,0,0
1662777968000,74,HTTP Request,200,OK,Thread Group 1-43,text,true,,24694,120,18,18,http://10.105.2.253:8080/,49,0,0
1662777967982,103,HTTP Request,200,OK,Thread Group 1-39,text,true,,24694,120,18,18,http://10.105.2.253:8080/,84,0,0
1662777968026,60,HTTP Request,200,OK,Thread Group 1-33,text,true,,24694,120,18,18,http://10.105.2.253:8080/,43,0,0
1662777968028,73,HTTP Request,200,OK,Thread Group 1-40,text,true,,24694,120,17,17,http://10.105.2.253:8080/,59,0,0
1662777968026,84,HTTP Request,200,OK,Thread Group 1-37,text,true,,24694,120,17,17,http://10.105.2.253:8080/,63,0,0
1662777968034,112,HTTP Request,200,OK,Thread Group 1-35,text,true,,24694,120,17,17,http://10.105.2.253:8080/,94,0,0
1662777967982,165,HTTP Request,200,OK,Thread Group 1-34,text,true,,24694,120,17,17,http://10.105.2.253:8080/,117,0,0
1662777968034,117,HTTP Request,200,OK,Thread Group 1-44,text,true,,24694,120,16,16,http://10.105.2.253:8080/,97,0,0
1662777968035,117,HTTP Request,200,OK,Thread Group 1-45,text,true,,24694,120,16,16,http://10.105.2.253:8080/,98,0,0
1662777966112,2041,HTTP Request,200,OK,Thread Group 1-48,text,true,,24695,120,16,16,http://10.105.2.253:8080/,2023,0,0
1662777968044,116,HTTP Request,200,OK,Thread Group 1-36,text,true,,24694,120,16,16,http://10.105.2.253:8080/,97,0,0
1662777968030,133,HTTP Request,200,OK,Thread Group 1-42,text,true,,24694,120,16,16,http://10.105.2.253:8080/,109,0,0
1662777968074,94,HTTP Request,200,OK,Thread Group 1-43,text,true,,24694,120,16,16,http://10.105.2.253:8080/,69,0,0
1662777966071,2107,HTTP Request,200,OK,Thread Group 1-46,text,true,,24695,120,16,16,http://10.105.2.253:8080/,2086,0,1
1662777968101,79,HTTP Request,200,OK,Thread Group 1-40,text,true,,24694,120,16,16,http://10.105.2.253:8080/,79,0,0
1662777968059,121,HTTP Request,200,OK,Thread Group 1-41,text,true,,24694,120,16,16,http://10.105.2.253:8080/,85,0,0
1662777966132,2049,HTTP Request,200,OK,Thread Group 1-49,text,true,,24695,120,16,16,http://10.105.2.253:8080/,1998,0,1
1662777968085,95,HTTP Request,200,OK,Thread Group 1-39,text,true,,24694,120,16,16,http://10.105.2.253:8080/,67,0,0
1662777968033,156,HTTP Request,200,OK,Thread Group 1-38,text,true,,24694,120,16,16,http://10.105.2.253:8080/,125,0,0
1662777966092,2117,HTTP Request,200,OK,Thread Group 1-47,text,true,,24695,120,16,16,http://10.105.2.253:8080/,2087,0,0
1662777968110,141,HTTP Request,200,OK,Thread Group 1-37,text,true,,24694,120,16,16,http://10.105.2.253:8080/,70,0,0
1662777966152,2101,HTTP Request,200,OK,Thread Group 1-50,text,true,,24695,120,16,16,http://10.105.2.253:8080/,2033,0,1
1662777968177,75,HTTP Request,200,OK,Thread Group 1-46,text,true,,24694,120,16,16,http://10.105.2.253:8080/,35,0,0
1662777968152,100,HTTP Request,200,OK,Thread Group 1-45,text,true,,24694,120,16,16,http://10.105.2.253:8080/,44,0,0
1662777968152,101,HTTP Request,200,OK,Thread Group 1-48,text,true,,24694,120,16,16,http://10.105.2.253:8080/,66,0,0
1662777968146,112,HTTP Request,200,OK,Thread Group 1-35,text,true,,24694,120,16,16,http://10.105.2.253:8080/,69,0,0
1662777968163,96,HTTP Request,200,OK,Thread Group 1-42,text,true,,24694,120,16,16,http://10.105.2.253:8080/,58,0,0
1662777968168,92,HTTP Request,200,OK,Thread Group 1-43,text,true,,24694,120,16,16,http://10.105.2.253:8080/,38,0,0
1662777968151,112,HTTP Request,200,OK,Thread Group 1-44,text,true,,24694,120,16,16,http://10.105.2.253:8080/,63,0,0
1662777968160,103,HTTP Request,200,OK,Thread Group 1-36,text,true,,24694,120,16,16,http://10.105.2.253:8080/,59,0,0
1662777968180,113,HTTP Request,200,OK,Thread Group 1-49,text,true,,24694,120,16,16,http://10.105.2.253:8080/,92,0,0
1662777968180,122,HTTP Request,200,OK,Thread Group 1-39,text,true,,24694,120,16,16,http://10.105.2.253:8080/,98,0,0
1662777968180,130,HTTP Request,200,OK,Thread Group 1-41,text,true,,24694,120,16,16,http://10.105.2.253:8080/,109,0,0
1662777968180,156,HTTP Request,200,OK,Thread Group 1-40,text,true,,24694,120,16,16,http://10.105.2.253:8080/,121,0,0
1662777968252,84,HTTP Request,200,OK,Thread Group 1-50,text,true,,24694,120,16,16,http://10.105.2.253:8080/,65,0,0
1662777968189,147,HTTP Request,200,OK,Thread Group 1-38,text,true,,24694,120,16,16,http://10.105.2.253:8080/,119,0,0
1662777968264,73,HTTP Request,200,OK,Thread Group 1-36,text,true,,24694,120,16,16,http://10.105.2.253:8080/,52,0,0
1662777968258,85,HTTP Request,200,OK,Thread Group 1-35,text,true,,24694,120,15,15,http://10.105.2.253:8080/,74,0,0
1662777968208,135,HTTP Request,200,OK,Thread Group 1-47,text,true,,24694,120,14,14,http://10.105.2.253:8080/,121,0,0
1662777968251,93,HTTP Request,200,OK,Thread Group 1-37,text,true,,24694,120,14,14,http://10.105.2.253:8080/,69,0,0
1662777968253,94,HTTP Request,200,OK,Thread Group 1-48,text,true,,24694,120,14,14,http://10.105.2.253:8080/,74,0,0
1662777968252,107,HTTP Request,200,OK,Thread Group 1-45,text,true,,24694,120,14,14,http://10.105.2.253:8080/,82,0,0
1662777968252,108,HTTP Request,200,OK,Thread Group 1-46,text,true,,24694,120,14,14,http://10.105.2.253:8080/,89,0,0
1662777968263,106,HTTP Request,200,OK,Thread Group 1-44,text,true,,24694,120,14,14,http://10.105.2.253:8080/,82,0,0
1662777968260,110,HTTP Request,200,OK,Thread Group 1-43,text,true,,24694,120,14,14,http://10.105.2.253:8080/,70,0,0
1662777968310,67,HTTP Request,200,OK,Thread Group 1-41,text,true,,24694,120,14,14,http://10.105.2.253:8080/,53,0,0
1662777968259,118,HTTP Request,200,OK,Thread Group 1-42,text,true,,24694,120,14,14,http://10.105.2.253:8080/,102,0,0
1662777968303,81,HTTP Request,200,OK,Thread Group 1-39,text,true,,24694,120,14,14,http://10.105.2.253:8080/,64,0,0
1662777968336,49,HTTP Request,200,OK,Thread Group 1-50,text,true,,24694,120,14,14,http://10.105.2.253:8080/,35,0,0
1662777968336,57,HTTP Request,200,OK,Thread Group 1-40,text,true,,24694,120,14,14,http://10.105.2.253:8080/,34,0,0
1662777968347,71,HTTP Request,200,OK,Thread Group 1-48,text,true,,24694,120,14,14,http://10.105.2.253:8080/,52,0,0
1662777968343,75,HTTP Request,200,OK,Thread Group 1-47,text,true,,24694,120,14,14,http://10.105.2.253:8080/,54,0,0
1662777968337,93,HTTP Request,200,OK,Thread Group 1-38,text,true,,24694,120,14,14,http://10.105.2.253:8080/,77,0,0
1662777968344,90,HTTP Request,200,OK,Thread Group 1-37,text,true,,24694,120,14,14,http://10.105.2.253:8080/,47,0,0
1662777968293,142,HTTP Request,200,OK,Thread Group 1-49,text,true,,24694,120,13,13,http://10.105.2.253:8080/,118,0,0
1662777968370,81,HTTP Request,200,OK,Thread Group 1-43,text,true,,24694,120,13,13,http://10.105.2.253:8080/,60,0,0
1662777968369,82,HTTP Request,200,OK,Thread Group 1-44,text,true,,24694,120,13,13,http://10.105.2.253:8080/,57,0,0
1662777968377,75,HTTP Request,200,OK,Thread Group 1-41,text,true,,24694,120,13,13,http://10.105.2.253:8080/,51,0,0
1662777968384,68,HTTP Request,200,OK,Thread Group 1-39,text,true,,24694,120,13,13,http://10.105.2.253:8080/,53,0,0
1662777968393,67,HTTP Request,200,OK,Thread Group 1-40,text,true,,24694,120,13,13,http://10.105.2.253:8080/,54,0,0
1662777968385,75,HTTP Request,200,OK,Thread Group 1-50,text,true,,24694,120,12,12,http://10.105.2.253:8080/,54,0,0
1662777968359,117,HTTP Request,200,OK,Thread Group 1-45,text,true,,24694,120,12,12,http://10.105.2.253:8080/,86,0,0
1662777968360,126,HTTP Request,200,OK,Thread Group 1-46,text,true,,24694,120,12,12,http://10.105.2.253:8080/,106,0,0
1662777968418,125,HTTP Request,200,OK,Thread Group 1-48,text,true,,24694,120,12,12,http://10.105.2.253:8080/,54,0,0
1662777968460,83,HTTP Request,200,OK,Thread Group 1-50,text,true,,24694,120,12,12,http://10.105.2.253:8080/,49,0,0
1662777968452,92,HTTP Request,200,OK,Thread Group 1-41,text,true,,24694,120,12,12,http://10.105.2.253:8080/,46,0,0
1662777968418,126,HTTP Request,200,OK,Thread Group 1-47,text,true,,24694,120,11,11,http://10.105.2.253:8080/,56,0,0
1662777968451,94,HTTP Request,200,OK,Thread Group 1-43,text,true,,24694,120,11,11,http://10.105.2.253:8080/,37,0,0
1662777968377,168,HTTP Request,200,OK,Thread Group 1-42,text,true,,24694,120,10,10,http://10.105.2.253:8080/,106,0,0
1662777968430,116,HTTP Request,200,OK,Thread Group 1-38,text,true,,24694,120,10,10,http://10.105.2.253:8080/,67,0,0
1662777968452,94,HTTP Request,200,OK,Thread Group 1-44,text,true,,24694,120,9,9,http://10.105.2.253:8080/,33,0,0
1662777968435,112,HTTP Request,200,OK,Thread Group 1-49,text,true,,24694,120,9,9,http://10.105.2.253:8080/,65,0,0
1662777968452,95,HTTP Request,200,OK,Thread Group 1-39,text,true,,24694,120,9,9,http://10.105.2.253:8080/,53,0,0
1662777968476,92,HTTP Request,200,OK,Thread Group 1-45,text,true,,24694,120,8,8,http://10.105.2.253:8080/,79,0,0
1662777968487,91,HTTP Request,200,OK,Thread Group 1-46,text,true,,24694,120,8,8,http://10.105.2.253:8080/,74,0,0
1662777968543,55,HTTP Request,200,OK,Thread Group 1-48,text,true,,24694,120,8,8,http://10.105.2.253:8080/,39,0,0
1662777968546,56,HTTP Request,200,OK,Thread Group 1-44,text,true,,24694,120,8,8,http://10.105.2.253:8080/,38,0,0
1662777968547,62,HTTP Request,200,OK,Thread Group 1-49,text,true,,24694,120,7,7,http://10.105.2.253:8080/,49,0,0
1662777968544,66,HTTP Request,200,OK,Thread Group 1-47,text,true,,24694,120,7,7,http://10.105.2.253:8080/,48,0,0
1662777968543,68,HTTP Request,200,OK,Thread Group 1-50,text,true,,24694,120,7,7,http://10.105.2.253:8080/,50,0,0
1662777968545,76,HTTP Request,200,OK,Thread Group 1-42,text,true,,24694,120,7,7,http://10.105.2.253:8080/,54,0,0
1662777968578,57,HTTP Request,200,OK,Thread Group 1-46,text,true,,24694,120,7,7,http://10.105.2.253:8080/,40,0,0
1662777968569,66,HTTP Request,200,OK,Thread Group 1-45,text,true,,24694,120,7,7,http://10.105.2.253:8080/,48,0,0
1662777968611,49,HTTP Request,200,OK,Thread Group 1-50,text,true,,24694,120,7,7,http://10.105.2.253:8080/,32,0,0
1662777968598,62,HTTP Request,200,OK,Thread Group 1-48,text,true,,24694,120,7,7,http://10.105.2.253:8080/,44,0,0
1662777968621,48,HTTP Request,200,OK,Thread Group 1-42,text,true,,24694,120,7,7,http://10.105.2.253:8080/,30,0,0
1662777968610,59,HTTP Request,200,OK,Thread Group 1-47,text,true,,24694,120,6,6,http://10.105.2.253:8080/,37,0,0
1662777968610,60,HTTP Request,200,OK,Thread Group 1-49,text,true,,24694,120,6,6,http://10.105.2.253:8080/,42,0,0
1662777968635,49,HTTP Request,200,OK,Thread Group 1-46,text,true,,24694,120,6,6,http://10.105.2.253:8080/,32,0,0
1662777968635,100,HTTP Request,200,OK,Thread Group 1-45,text,true,,24694,120,6,6,http://10.105.2.253:8080/,45,0,0
1662777968670,73,HTTP Request,200,OK,Thread Group 1-49,text,true,,24694,120,5,5,http://10.105.2.253:8080/,32,0,0
1662777968660,83,HTTP Request,200,OK,Thread Group 1-48,text,true,,24694,120,5,5,http://10.105.2.253:8080/,32,0,0
1662777968660,84,HTTP Request,200,OK,Thread Group 1-50,text,true,,24694,120,5,5,http://10.105.2.253:8080/,34,0,0
1662777968669,116,HTTP Request,200,OK,Thread Group 1-47,text,true,,24694,120,5,5,http://10.105.2.253:8080/,97,0,0
1662777968685,108,HTTP Request,200,OK,Thread Group 1-46,text,true,,24694,120,5,5,http://10.105.2.253:8080/,90,0,0
1662777968743,58,HTTP Request,200,OK,Thread Group 1-49,text,true,,24694,120,5,5,http://10.105.2.253:8080/,44,0,0
1662777968744,66,HTTP Request,200,OK,Thread Group 1-48,text,true,,24694,120,5,5,http://10.105.2.253:8080/,50,0,0
1662777968744,66,HTTP Request,200,OK,Thread Group 1-50,text,true,,24694,120,5,5,http://10.105.2.253:8080/,51,0,0
1662777968785,50,HTTP Request,200,OK,Thread Group 1-47,text,true,,24694,120,5,5,http://10.105.2.253:8080/,32,0,0
1662777968793,51,HTTP Request,200,OK,Thread Group 1-46,text,true,,24694,120,5,5,http://10.105.2.253:8080/,32,0,0
1662777968801,50,HTTP Request,200,OK,Thread Group 1-49,text,true,,24694,120,5,5,http://10.105.2.253:8080/,35,0,0
1662777968810,50,HTTP Request,200,OK,Thread Group 1-48,text,true,,24694,120,5,5,http://10.105.2.253:8080/,32,0,0
1662777968810,50,HTTP Request,200,OK,Thread Group 1-50,text,true,,24694,120,4,4,http://10.105.2.253:8080/,34,0,0
1662777968835,75,HTTP Request,200,OK,Thread Group 1-47,text,true,,24694,120,3,3,http://10.105.2.253:8080/,32,0,0
1662777968844,74,HTTP Request,200,OK,Thread Group 1-46,text,true,,24694,120,3,3,http://10.105.2.253:8080/,31,0,0
1662777968851,67,HTTP Request,200,OK,Thread Group 1-49,text,true,,24694,120,2,2,http://10.105.2.253:8080/,31,0,0
1662777968910,50,HTTP Request,200,OK,Thread Group 1-47,text,true,,24694,120,1,1,http://10.105.2.253:8080/,40,0,0
